,slope,intercept,r2,p_value,std_err,cause,significant,trend_direction
0,-69.14776629739278,144673.9023382565,0.988439163724976,1.43276993415892e-32,1.3219737129743905,Cardiovascular diseases,True,decreasing
1,-7.509490191770775,16266.957086387218,0.9568795372499898,2.041290554927281e-23,0.2818048984910984,Chronic respiratory diseases,True,decreasing
2,-0.7978584843800804,1638.2304575196117,0.8464223315627257,1.449235047078417e-14,0.060078814856627305,Environmental heat and cold exposure,True,decreasing
